{"main":"8.6.28 升级日志之文档列表萤火虫模式演示视频.md","title":"8.6.28 升级日志之文档列表萤火虫模式演示视频","version":2,"cssText":"","createDate":1638679044142,"updateDate":1682055039938,"slug":"/version/v_8_6_28_file_timeline_firefly_demo","cover":"","excerpt":"","urlMap":{},"fileMap":{},"id":"08916126-377e-47f8-8741-fdcb0e6a6492","fileResources":[{"filename":"videos/文档列表萤火虫模式github_stars_数据演示.mp4","type":"video/mp4"},{"filename":"videos/文档列表萤火虫模式时间范围过滤演示.mp4","type":"video/mp4"},{"filename":"videos/文档列表萤火虫模式标签操作演示.mp4","type":"video/mp4"}]}