{"main":"小书匠片段脚本上下文参数使用说明.md","title":"小书匠片段脚本上下文参数使用说明","version":2,"cssText":"","createDate":1589075918176,"updateDate":1589090320084,"slug":"/tutorial/snippet_script_context","cover":"","excerpt":"","urlMap":{},"id":"c3fe0ffd-e18f-49fb-a6e8-7960dfade2e5","fileResources":[{"filename":"images/1589088001301.png","type":"image/png"},{"filename":"images/1589088174227.png","type":"image/png"},{"filename":"images/1589090133801.png","type":"image/png"},{"filename":"images/1589090087231.png","type":"image/png"}]}