{
  "main": "小书匠的文章删除后，为什么空间占用没有变小.md",
  "title": "小书匠的文章删除后，为什么空间占用没有变小",
  "version": 2,
  "cssText": "",
  "createDate": 1749264186357,
  "updateDate": 1749267040440,
  "slug": "/question/compress_database_delete_files",
  "cover": "![](./images/randomCover.jpg)",
  "excerpt": "",
  "urlMap": {},
  "fileMap": {},
  "id": "0505bbdd-d1b2-47f5-98dd-3ec9e9b927a0",
  "fileResources": [
    {
      "filename": "images/randomCover.jpg",
      "type": "image/jpeg"
    },
    {
      "filename": "images/1749264598513.png",
      "type": "image/png"
    }
  ]
}