{"main":"小书匠表格组件编辑器使用说明.md","title":"小书匠表格组件编辑器使用说明","version":2,"cssText":"","createDate":1546478739781,"updateDate":1547534296847,"slug":"/tutorial/table/editor","cover":"","excerpt":"","fileResources":[{"filename":"images/1522393997338.jpg","type":"image/jpeg"},{"filename":"images/1522391414505.jpg","type":"image/jpeg"},{"filename":"images/1522391643330.jpg","type":"image/jpeg"},{"filename":"images/1522394551316.jpg","type":"image/jpeg"},{"filename":"images/1522394846045.jpg","type":"image/jpeg"},{"filename":"images/1522395140532.jpg","type":"image/jpeg"},{"filename":"images/1522395475463.jpg","type":"image/jpeg"},{"filename":"images/1522395672290.jpg","type":"image/jpeg"}]}