{"main":"2017-9-17 关于 Evernote(印象笔记) 停止使用 Developer Token,小书匠客户端不能绑定的解决方案.md","title":"2017-9-17 关于 Evernote(印象笔记) 停止使用 Developer Token,小书匠客户端不能绑定的解决方案","version":2,"cssText":"","createDate":1547633154097,"updateDate":1547636403170,"slug":"/evernote_deprecated_developer_token_soluction","cover":"","excerpt":"","fileResources":[{"filename":"images/1505579634678.jpg","type":"image/jpeg"},{"filename":"images/1505579320962.jpg","type":"image/jpeg"}]}