{"main":"小书匠语法说明之emoji表情.md","title":"小书匠语法说明之emoji表情","version":2,"cssText":"","createDate":1542592155589,"updateDate":1547625163204,"slug":"","cover":"","excerpt":"","urlMap":{},"id":"8488370a-1bf2-4389-9b45-d5b43d8f33b7","fileResources":[{"filename":"a810d39d0d001ee362f7906f8b1d5881.svg","type":"image/svg+xml"},{"filename":"3263d369d93b253fe9fd4533298e0434.svg","type":"image/svg+xml"},{"filename":"48f132ac7464f44dc3c59a283918c862.svg","type":"image/svg+xml"},{"filename":"16e46242dec17680dee6906696553178.svg","type":"image/svg+xml"},{"filename":"a810d39d0d001ee362f7906f8b1d5881.svg","type":"image/svg+xml"},{"filename":"3263d369d93b253fe9fd4533298e0434.svg","type":"image/svg+xml"},{"filename":"48f132ac7464f44dc3c59a283918c862.svg","type":"image/svg+xml"},{"filename":"16e46242dec17680dee6906696553178.svg","type":"image/svg+xml"},{"filename":"bf91ae37dfca3a0eb06a51f2a7f896ed.svg","type":"image/svg+xml"},{"filename":"981db8e8e466ac00fb3818c250018c73.svg","type":"image/svg+xml"},{"filename":"a252d081742698cc4e8890eb20b3bd4c.svg","type":"image/svg+xml"},{"filename":"a810d39d0d001ee362f7906f8b1d5881.svg","type":"image/svg+xml"}]}