{"main":"花田日记主要功能说明.md","title":"花田日记主要功能说明","version":2,"cssText":"","createDate":1623369781405,"updateDate":1623379328802,"slug":"/story-writer/mobile/introduce","cover":"","excerpt":"","urlMap":{},"id":"0c004131-f9bc-44e3-928a-70eb0cdf386a","fileResources":[{"filename":"images/主题1.jpg","type":"image/jpeg"},{"filename":"images/主题2.jpg","type":"image/jpeg"},{"filename":"images/主题4.jpg","type":"image/jpeg"},{"filename":"images/主题5.jpg","type":"image/jpeg"},{"filename":"images/主题3.jpg","type":"image/jpeg"},{"filename":"images/1623371537316.png","type":"image/png"},{"filename":"images/1623371537316.png","type":"image/png"},{"filename":"images/1623371631180.png","type":"image/png"},{"filename":"videos/主题切换.mp4","type":"video/mp4"},{"filename":"videos/光标定位器.mp4","type":"video/mp4"},{"filename":"videos/编辑器选择模式.mp4","type":"video/mp4"},{"filename":"videos/编辑器查找替换.mp4","type":"video/mp4"},{"filename":"videos/编辑器配置.mp4","type":"video/mp4"},{"filename":"videos/自定义工具栏使用.mp4","type":"video/mp4"},{"filename":"videos/边编辑边预览.mp4","type":"video/mp4"},{"filename":"videos/编辑器目录.mp4","type":"video/mp4"},{"filename":"videos/预览.mp4","type":"video/mp4"},{"filename":"images/cover.jpg","type":"image/jpeg"}]}