{"main":"小书匠内置编辑器使用说明.md","title":"小书匠内置编辑器使用说明","version":2,"cssText":"","createDate":1546567961907,"updateDate":1547533564031,"slug":"/tutorial/editor","cover":"","excerpt":"","fileResources":[{"filename":"images/1546599416127.png","type":"image/png"},{"filename":"images/1546599573266.png","type":"image/png"},{"filename":"images/1546599595870.png","type":"image/png"},{"filename":"images/1546599677292.png","type":"image/png"},{"filename":"images/1546612725520.png","type":"image/png"},{"filename":"images/1546616239993.png","type":"image/png"},{"filename":"images/1546652361972.png","type":"image/png"},{"filename":"images/1546652735324.png","type":"image/png"},{"filename":"images/1546652816522.png","type":"image/png"},{"filename":"images/大纲同步滚动.gif","type":"image/gif"},{"filename":"images/大纲结构调整.gif","type":"image/gif"},{"filename":"images/禅全屏写作.gif","type":"image/gif"},{"filename":"images/1546614945403.png","type":"image/png"}]}