{"main":"Sculpting 主题配置说明文档.md","title":"Sculpting 主题配置说明文档","version":2,"cssText":"/**xsjCSSMeta\npreviewTheme: story_sticker\nxsjCSSMeta**/\n","createDate":1586137470276,"updateDate":1586584233337,"slug":"/sculpting/sculpting_theme_introduce","cover":"","excerpt":"","urlMap":{},"id":"d15be614-21cd-446d-a385-ba5aa21e71cb","fileResources":[{"filename":"images/1586573049839.png","type":"image/png"},{"filename":"images/1586571872628.png","type":"image/png"},{"filename":"images/1586572020726.png","type":"image/png"},{"filename":"images/1586572107272.png","type":"image/png"},{"filename":"images/1586572253523.png","type":"image/png"},{"filename":"images/1586572523699.png","type":"image/png"},{"filename":"images/1586572914952.png","type":"image/png"}]}