{"main":"小书匠文章置顶功能使用说明.md","title":"小书匠文章置顶功能使用说明","version":2,"cssText":"","createDate":1588729454155,"updateDate":1588732064485,"slug":"/tutorial/article_pinned","cover":"","excerpt":"","urlMap":{},"id":"1b621631-f643-4f20-b699-7bdde921aa6b","fileResources":[{"filename":"images/1588730890829.png","type":"image/png"},{"filename":"images/1588731021520.png","type":"image/png"},{"filename":"images/1588731188759.png","type":"image/png"},{"filename":"images/1588731536289.png","type":"image/png"}]}