{"main":"小书匠全文搜索语法.md","title":"小书匠全文搜索语法","version":2,"cssText":"","createDate":1609721558224,"updateDate":1700544285432,"slug":"/tutorial/search_grammar","cover":"","excerpt":"","urlMap":{},"fileMap":{},"id":"d6c2ae13-3ed8-4fa1-8b4d-ac4b7aa39b81","fileResources":[{"filename":"images/1609919172682.png","type":"image/png"},{"filename":"images/1609919422314.png","type":"image/png"},{"filename":"images/1609919622947.png","type":"image/png"},{"filename":"images/1700538057006.png","type":"image/png"},{"filename":"images/1700538247911.png","type":"image/png"}]}