{"main":"小书匠绘图组件编辑器 drawio 使用教程.md","title":"小书匠绘图组件编辑器 drawio 使用教程","version":2,"cssText":"","createDate":1546395231209,"updateDate":1547534307447,"slug":"/tutorial/drawio","cover":"","excerpt":"","fileResources":[{"filename":"images/1546482935030.png","type":"image/png"},{"filename":"images/1546482204336.png","type":"image/png"},{"filename":"images/1546430274897.png","type":"image/png"},{"filename":"images/1546430646863.png","type":"image/png"},{"filename":"images/1546430810022.png","type":"image/png"},{"filename":"images/1546430998741.png","type":"image/png"},{"filename":"images/1546431641025.png","type":"image/png"},{"filename":"images/1546429754980.png","type":"image/png"},{"filename":"images/1546429612916.png","type":"image/png"},{"filename":"images/1546482474437.png","type":"image/png"},{"filename":"images/1546426191772.png","type":"image/png"},{"filename":"images/1546426323505.png","type":"image/png"},{"filename":"images/1546426456472.png","type":"image/png"},{"filename":"attachments/1546487064373.drawio.html","type":"text/html"},{"filename":"attachments/1546487147765.drawio.html","type":"text/html"},{"filename":"attachments/1546487211809.drawio.html","type":"text/html"},{"filename":"attachments/1546487248298.drawio.html","type":"text/html"},{"filename":"attachments/1546487316319.drawio.html","type":"text/html"},{"filename":"attachments/1546487372874.drawio.html","type":"text/html"},{"filename":"attachments/1546487432648.drawio.html","type":"text/html"},{"filename":"attachments/1546487491271.drawio.html","type":"text/html"},{"filename":"attachments/1546487541263.drawio.html","type":"text/html"},{"filename":"attachments/1546487592581.drawio.html","type":"text/html"},{"filename":"attachments/1546487741806.drawio.html","type":"text/html"},{"filename":"attachments/1546487819835.drawio.html","type":"text/html"}]}