{"main":"小书匠导出导入操作说明.md","title":"小书匠导出导入操作说明","version":2,"cssText":"","createDate":1547166719603,"updateDate":1547528368778,"slug":"/tutorial/import_and_export","cover":"","excerpt":"","fileResources":[{"filename":"images/1547169063778.png","type":"image/png"},{"filename":"images/1547169359698.png","type":"image/png"},{"filename":"images/1547169676029.png","type":"image/png"},{"filename":"images/1547170407300.png","type":"image/png"},{"filename":"images/1547170372425.png","type":"image/png"},{"filename":"images/1547171688914.png","type":"image/png"},{"filename":"attachments/1547169386725.table.html","type":"text/html"}]}