{"main":"小书匠立时预览（所见即所得）配置使用说明.md","title":"小书匠立时预览（所见即所得）配置使用说明","version":2,"cssText":"","createDate":1673153932415,"updateDate":1673161033385,"slug":"/tutorial/editor/instance_preview","cover":"","excerpt":"","urlMap":{},"id":"01892ca8-db05-48c7-b2a8-df30111317b4","fileResources":[{"filename":"images/1673157785250.png","type":"image/png"},{"filename":"images/1673157847569.png","type":"image/png"},{"filename":"images/1673157646240.png","type":"image/png"},{"filename":"images/1673158475548.png","type":"image/png"},{"filename":"images/1673159004997.png","type":"image/png"}]}