{"main":"小书匠自定义快捷键说明.md","title":"小书匠自定义快捷键说明","version":2,"cssText":"","createDate":1572564533000,"updateDate":1639698226650,"slug":"/tutorial/shortcuts","cover":"","excerpt":"","urlMap":{},"id":"495c7066-19c4-4833-86b0-c8a5bc0c1bea","fileResources":[{"filename":"images/1571621091290.png","type":"image/png"},{"filename":"images/1571621145804.png","type":"image/png"},{"filename":"images/1571621725015.png","type":"image/png"},{"filename":"images/1571621314482.png","type":"image/png"},{"filename":"images/1571621324220.png","type":"image/png"},{"filename":"images/1571621331072.png","type":"image/png"},{"filename":"images/1571622733491.png","type":"image/png"},{"filename":"images/1571623524029.png","type":"image/png"},{"filename":"images/1571629417209.png","type":"image/png"},{"filename":"images/1571629479759.png","type":"image/png"}]}