{"main":"小书匠内置编辑器 codemirror 使用说明.md","title":"小书匠内置编辑器 codemirror 使用说明","version":2,"cssText":"","createDate":1546513809233,"updateDate":1547535019563,"slug":"/tutorial/editor/codemirror","cover":"","excerpt":"","fileResources":[{"filename":"images/1546583345911.png","type":"image/png"},{"filename":"images/1546569586543.png","type":"image/png"},{"filename":"images/1546567711171.png","type":"image/png"},{"filename":"images/1546568397392.png","type":"image/png"},{"filename":"images/1546568191016.png","type":"image/png"},{"filename":"images/1546570058599.png","type":"image/png"},{"filename":"images/1546570108334.png","type":"image/png"},{"filename":"images/1546576502320.png","type":"image/png"},{"filename":"images/1546570604293.png","type":"image/png"},{"filename":"images/1546573547356.png","type":"image/png"},{"filename":"images/1546573751345.png","type":"image/png"},{"filename":"images/1546574079076.png","type":"image/png"},{"filename":"images/1546574529153.png","type":"image/png"},{"filename":"images/1546586829892.png","type":"image/png"}]}