{"main":"小书匠语法说明之化学公式.md","title":"小书匠语法说明之化学公式","version":2,"cssText":"","createDate":1682815574396,"updateDate":1682833326272,"slug":"/story-writer/mathjax-chem","cover":"![](./images/randomCover.jpg)","excerpt":"","urlMap":{},"fileMap":{},"id":"ab4c3fab-a2d5-492b-88c8-4b586929a190","fileResources":[{"filename":"attachments/Manual_for_mhchem_for_MathJax,_mhchem_for_KaTeX.pdf","type":"application/pdf"},{"filename":"images/randomCover.jpg","type":"image/jpeg"}]}