{"main":"小书匠语法说明之emoji表情.md","title":"小书匠语法说明之emoji表情","version":2,"cssText":"","createDate":1542592155589,"updateDate":1546393859537,"slug":"","cover":"","excerpt":"","fileResources":[{"filename":"9a63d27427aed3149b9296f691893700.png","type":"image/png"},{"filename":"8bec3273f061dc819dc581789fc699d1.png","type":"image/png"},{"filename":"c698a3575bfb617aa2605a456bb70ab7.png","type":"image/png"},{"filename":"cd16ca68216a1e6916a9d03ce728d184.png","type":"image/png"},{"filename":"9a63d27427aed3149b9296f691893700.png","type":"image/png"},{"filename":"8bec3273f061dc819dc581789fc699d1.png","type":"image/png"},{"filename":"c698a3575bfb617aa2605a456bb70ab7.png","type":"image/png"},{"filename":"cd16ca68216a1e6916a9d03ce728d184.png","type":"image/png"},{"filename":"82e2af017ac9fd4aee80019faffa4745.png","type":"image/png"},{"filename":"b0026c9a46f7609635d58452fee7188f.png","type":"image/png"},{"filename":"05988dcc6e21b85511cf2655f0de47ff.png","type":"image/png"},{"filename":"9a63d27427aed3149b9296f691893700.png","type":"image/png"}]}