{"main":"利用中文分词，在小书匠上改进使用体验.md","title":"利用中文分词，在小书匠上改进使用体验","version":2,"cssText":"","createDate":1612488657633,"updateDate":1612593986214,"slug":"/story-writer/editor-for-chinese-enhancer","cover":"","excerpt":"","urlMap":{},"id":"4effdffb-bd6c-4c37-b4bd-614aefe03f6f","fileResources":[{"filename":"images/1612505139068.png","type":"image/png"},{"filename":"videos/没有中文分词的光标移动.mp4","type":"video/mp4"},{"filename":"videos/有中文分词的光标移动.mp4","type":"video/mp4"},{"filename":"videos/vim下没有中文分词的移动.mp4","type":"video/mp4"},{"filename":"videos/vim下有中文分词的移动.mp4","type":"video/mp4"},{"filename":"videos/没有中文分词的双击选择.mp4","type":"video/mp4"},{"filename":"videos/有中文分词的双击选择.mp4","type":"video/mp4"},{"filename":"images/chongqing-1597422_1920.jpg","type":"image/jpeg"}]}