{"main":"2018-3-7 使用小书匠 markdown 编辑器的数据中心功能，配合自己云服务器上的 CouchDB 数据库，实现自己的文件数据中心.md","title":"2018-3-7 使用小书匠 markdown 编辑器的数据中心功能，配合自己云服务器上的 CouchDB 数据库，实现自己的文件数据中心","version":2,"cssText":"","createDate":1547633154097,"updateDate":1547636300678,"slug":"/setup_custom_couchdb_server","cover":"","excerpt":"","fileResources":[{"filename":"images/1520497153443.jpg","type":"image/jpeg"},{"filename":"images/1520496469826.jpg","type":"image/jpeg"},{"filename":"images/自定义数据中心步骤.png","type":"image/png"},{"filename":"images/1520498009096.jpg","type":"image/jpeg"},{"filename":"images/1520498117329.jpg","type":"image/jpeg"},{"filename":"images/1520497965287.jpg","type":"image/jpeg"}]}