{"main":"小书匠图床使用.md","title":"小书匠图床使用","version":2,"cssText":"","createDate":1577113253026,"updateDate":1577113547296,"slug":"/tutorial/image","cover":"","excerpt":"","urlMap":{},"id":"e63e0766-d249-455f-adc6-b38e9cb27f78","fileResources":[{"filename":"images/1483600428510.jpg","type":"application/vnd.github.v3.raw+json"},{"filename":"images/1483600428521.jpg","type":"application/vnd.github.v3.raw+json"},{"filename":"images/1482840911734.jpg","type":"application/vnd.github.v3.raw+json"},{"filename":"images/1482842046099.jpg","type":"application/vnd.github.v3.raw+json"},{"filename":"images/1482838294306.jpg","type":"application/vnd.github.v3.raw+json"},{"filename":"images/dd.jpg","type":"application/vnd.github.v3.raw+json"},{"filename":"images/1482839935580.jpg","type":"application/vnd.github.v3.raw+json"},{"filename":"images/1482840340995.jpg","type":"application/vnd.github.v3.raw+json"},{"filename":"images/1482838454259.jpg","type":"application/vnd.github.v3.raw+json"},{"filename":"images/1482836985511.jpg","type":"application/vnd.github.v3.raw+json"},{"filename":"images/cc.jpg","type":"application/vnd.github.v3.raw+json"},{"filename":"images/1482840608526.jpg","type":"application/vnd.github.v3.raw+json"},{"filename":"images/1482842310130.jpg","type":"application/vnd.github.v3.raw+json"},{"filename":"images/1482842203910.jpg","type":"application/vnd.github.v3.raw+json"},{"filename":"images/1482842507916.jpg","type":"application/vnd.github.v3.raw+json"},{"filename":"images/1482842799591.jpg","type":"application/vnd.github.v3.raw+json"},{"filename":"images/1482842686004.jpg","type":"application/vnd.github.v3.raw+json"}]}