{"main":"小书匠子编辑器使用说明.md","title":"小书匠子编辑器使用说明","version":2,"cssText":"","createDate":1606386354007,"updateDate":1606445858120,"slug":"/tutorial/sub_codemirror_editor","cover":"","excerpt":"","urlMap":{},"id":"e614e077-9058-4f75-b695-ab6b105a42b2","fileResources":[{"filename":"images/1606443676719.png","type":"image/png"},{"filename":"images/1606443932851.png","type":"image/png"},{"filename":"images/1606444035974.png","type":"image/png"},{"filename":"images/1606441647554.png","type":"image/png"},{"filename":"images/1606439057716.png","type":"image/png"},{"filename":"images/1606440267626.png","type":"image/png"},{"filename":"images/1606440340012.png","type":"image/png"}]}