{"main":"小书匠内置编辑器查找替换使用说明.md","title":"小书匠内置编辑器查找替换使用说明","version":2,"cssText":"","createDate":1632467108579,"updateDate":1632480356301,"slug":"/tutorial/editor/find-and-replace","cover":"","excerpt":"","urlMap":{},"id":"8d9a8758-b4ca-4735-bf3f-3c0603175160","fileResources":[{"filename":"images/1632468008481.png","type":"image/png"},{"filename":"images/1632468092186.png","type":"image/png"},{"filename":"images/1632469395030.png","type":"image/png"},{"filename":"images/1632469370769.png","type":"image/png"},{"filename":"images/1632469609338.png","type":"image/png"},{"filename":"images/1632469630006.png","type":"image/png"},{"filename":"images/1632475819376.png","type":"image/png"},{"filename":"images/1632477391497.png","type":"image/png"},{"filename":"images/1632477416230.png","type":"image/png"},{"filename":"images/1632478454709.png","type":"image/png"},{"filename":"images/1632478471045.png","type":"image/png"}]}