{"main":"8.7.2 升级日志.md","title":"8.7.2 升级日志","version":2,"cssText":"","createDate":1640655404689,"updateDate":1640659920032,"slug":"/version/v_8_7_2","cover":"","excerpt":"","urlMap":{},"id":"301524e0-53d4-49fa-8f14-9d58fda8ff60","fileResources":[{"filename":"images/1640657806223.png","type":"image/png"},{"filename":"videos/标签页操作.mp4","type":"video/mp4"},{"filename":"videos/标签页组.mp4","type":"video/mp4"},{"filename":"videos/临时标签页组.mp4","type":"video/mp4"},{"filename":"videos/设置固定标签页组.mp4","type":"video/mp4"},{"filename":"videos/关闭标签页组和销毁固定标签页组.mp4","type":"video/mp4"},{"filename":"videos/标签页组文章之间的拖动.mp4","type":"video/mp4"},{"filename":"videos/白板效果.mp4","type":"video/mp4"}]}