{"main":"小书匠会员用户解锁 Just One Page PDF 所有功能教程.md","title":"小书匠会员用户解锁 Just One Page PDF 所有功能教程","version":2,"cssText":"","createDate":1729485471053,"updateDate":1729517799330,"slug":"/chrome/just_one_page_pdf_integration","cover":"![](./images/randomCover.jpg)","excerpt":"","urlMap":{},"fileMap":{},"id":"36b7c3ce-8d7a-44f8-ad85-23c31d068315","fileResources":[{"filename":"images/1729500794210.png","type":"image/png"},{"filename":"images/1729501251940.png","type":"image/png"},{"filename":"images/randomCover.jpg","type":"image/jpeg"}]}