{"main":"小书匠片段使用说明.md","title":"小书匠片段使用说明","version":2,"cssText":"","createDate":1578622042914,"updateDate":1578714579349,"slug":"/tutorial/snippet","cover":"","excerpt":"","urlMap":{},"id":"62420754-8678-455a-8abf-54309c7c5628","fileResources":[{"filename":"images/1578624335619.png","type":"image/png"},{"filename":"images/1578627064184.png","type":"image/png"},{"filename":"images/1578627182518.png","type":"image/png"},{"filename":"images/1578628643389.png","type":"image/png"},{"filename":"images/1578628643589.png","type":"image/png"},{"filename":"images/1578628644269.png","type":"image/png"},{"filename":"images/1578628648939.png","type":"image/png"}]}