{"main":"如何修改小书匠客户端数据库存储位置.md","title":"如何修改小书匠客户端数据库存储位置","version":2,"cssText":"","createDate":1714018478754,"updateDate":1714353722963,"slug":"/story-writer/how-change-database-location","cover":"![](./images/randomCover.jpg)","excerpt":"","urlMap":{},"fileMap":{},"id":"69a6280c-10cc-4436-956b-aefeca842f44","fileResources":[{"filename":"images/1714051910659.png","type":"image/png"},{"filename":"images/1714049612530.png","type":"image/png"},{"filename":"images/1714049846280.png","type":"image/png"},{"filename":"images/mac.png","type":"image/png"},{"filename":"images/1714051559342.png","type":"image/png"},{"filename":"images/1714051733351.png","type":"image/png"},{"filename":"images/123456.png","type":"image/png"},{"filename":"images/randomCover.jpg","type":"image/jpeg"}]}