{"main":"小书匠待办清单使用说明.md","title":"小书匠待办清单使用说明","version":2,"cssText":"","createDate":1587602869282,"updateDate":1588219854439,"slug":"/tutorial/task_list_window","cover":"","excerpt":"","urlMap":{},"id":"055ff00c-a26e-4351-a19c-bfda0c64aee5","fileResources":[{"filename":"images/1587609709801.png","type":"image/png"},{"filename":"images/1587610130971.png","type":"image/png"},{"filename":"images/1588219493251.png","type":"image/png"},{"filename":"images/1588219614017.png","type":"image/png"},{"filename":"images/1588219848878.png","type":"image/png"}]}