{"main":"如何使用小书匠阅读网络 pdf 文件，并进行批注操作.md","title":"如何使用小书匠阅读网络 pdf 文件，并进行批注操作","version":2,"cssText":"","createDate":1677561139648,"updateDate":1677599320617,"slug":"pdf/pdfviewer_web_pdf","cover":"![](./images/randomCover.jpg)","excerpt":"","urlMap":{},"fileMap":{"https://github.com/wklchris/Note-by-LaTeX/releases/download/v1.6.4/LaTeX-cn-v1.6.4pre.pdf":"attachments/2386cb4bee92d0788f98f780876ac613.6.4pre.pdf","https://github.com/suziwen/pdffiles/blob/main/LaTeX-cn-v1.6.4pre.pdf":"attachments/432d51dbbad55c06809bfe4a319749ee.6.4pre.pdf","https://github.com/suziwen/pdffiles/blob/main/LaTeX-cn-v1.6.4pre.pdf?xx":"attachments/d8c4b5f4522dfe7571ab4a7442149202.6.4pre.pdf","https://github.com/suziwen/pdffiles/raw/main/LaTeX-cn-v1.6.4pre.pdf":"attachments/2386cb4bee92d0788f98f780876ac613.6.4pre.pdf","https://raw.githubusercontent.com/suziwen/pdffiles/main/LaTeX-cn-v1.6.4pre.pdf":"attachments/2386cb4bee92d0788f98f780876ac613.6.4pre.pdf"},"id":"8a05a2b7-7c9d-4915-8c59-d8a672dd1e0a","fileResources":[{"filename":"images/1677588096279.png","type":"image/png"},{"filename":"images/1677588136823.png","type":"image/png"},{"filename":"images/1677588248578.png","type":"image/png"},{"filename":"images/06ca6064adde4e75966a27d81b52c2ea.png","type":"image/png"},{"filename":"attachments/2386cb4bee92d0788f98f780876ac613.6.4pre.pdf","type":"text/plain"},{"filename":"attachments/432d51dbbad55c06809bfe4a319749ee.6.4pre.pdf","type":"text/plain"},{"filename":"attachments/d8c4b5f4522dfe7571ab4a7442149202.6.4pre.pdf","type":"text/plain"},{"filename":"images/randomCover.jpg","type":"image/jpeg"},{"filename":"attachments/2386cb4bee92d0788f98f780876ac613.6.4pre.pdf_highlights","type":"application/json"},{"filename":"attachments/432d51dbbad55c06809bfe4a319749ee.6.4pre.pdf_highlights","type":"application/json"},{"filename":"attachments/d8c4b5f4522dfe7571ab4a7442149202.6.4pre.pdf_highlights","type":"application/json"}]}