{"main":"小书匠链接关系图使用说明.md","title":"小书匠链接关系图使用说明","version":2,"cssText":"","createDate":1606438223432,"updateDate":1606479679237,"slug":"/tutorial/link_network_map","cover":"","excerpt":"","urlMap":{},"id":"6fb995cc-5154-4ca4-bc28-0e9b83fbbf22","fileResources":[{"filename":"images/链接关系图截屏.gif","type":"image/gif"},{"filename":"images/1606477844699.png","type":"image/png"},{"filename":"images/1606478267577.png","type":"image/png"},{"filename":"images/1606478176249.png","type":"image/png"},{"filename":"images/1606477916819.png","type":"image/png"},{"filename":"images/1606478209008.png","type":"image/png"},{"filename":"images/1606478247993.png","type":"image/png"},{"filename":"videos/链接关系图截屏.mkv","type":"video/x-matroska"}]}