{"main":"8.7.7 升级日志之立时预览（所见即所得）功能视频演示.md","title":"8.7.7 升级日志之立时预览（所见即所得）功能视频演示","version":2,"cssText":"","createDate":1642920005913,"updateDate":1643430469570,"slug":"/version/v_8_7_7_codemirror_immediate_preview","cover":"","excerpt":"","urlMap":{},"id":"5de14fe0-02e2-4136-b07f-a76d60e982db","fileResources":[{"filename":"videos/立时预览.mp4","type":"video/mp4"},{"filename":"videos/立时预览之公式显示.mp4","type":"video/mp4"},{"filename":"videos/立时预览之行内样式.mp4","type":"video/mp4"}]}