{"main":"如何利用小书匠进一步发挥印象笔记的优势.md","title":"如何利用小书匠进一步发挥印象笔记的优势","version":2,"cssText":"","createDate":1612075767000,"updateDate":1612076723593,"slug":"/story-writer/enhance-evernote-feature","cover":"","excerpt":"","urlMap":{},"id":"a668a729-7ae3-4c61-9772-1f58e3db1e71","fileResources":[{"filename":"images/windmill-3901896_1920.jpg","type":"image/jpeg"},{"filename":"images/multipleedit.gif","type":"image/gif"},{"filename":"images/themes.gif","type":"image/gif"},{"filename":"images/searchandreplace.gif","type":"image/gif"},{"filename":"images/mathjax.gif","type":"image/gif"},{"filename":"images/1612014059858.png","type":"image/png"},{"filename":"images/1612016340674.png","type":"image/png"},{"filename":"images/previewthemes.gif","type":"image/gif"},{"filename":"images/codethemes.gif","type":"image/gif"},{"filename":"images/1612062896494.png","type":"image/png"},{"filename":"videos/xsj.mp4","type":"video/mp4"}]}