{"main":"小书匠数据中心使用说明.md","title":"小书匠数据中心使用说明","version":2,"cssText":"","createDate":1546684418101,"updateDate":1635465225252,"slug":"/tutorial/database","cover":"","excerpt":"","urlMap":{},"id":"ed41eeda-1f10-43ff-a897-907f7b131c90","fileResources":[{"filename":"images/1546998930745.png","type":"image/png"},{"filename":"images/1547001917053.png","type":"image/png"},{"filename":"images/1547004206994.png","type":"image/png"},{"filename":"images/1547002064134.png","type":"image/png"},{"filename":"images/1547004032920.png","type":"image/png"},{"filename":"images/1547004508187.png","type":"image/png"},{"filename":"images/1547004604937.png","type":"image/png"},{"filename":"images/1547005293702.png","type":"image/png"},{"filename":"images/1547005388144.png","type":"image/png"},{"filename":"images/1547005400452.png","type":"image/png"}]}