{"main":"小书匠语法说明之codeChunk.md","title":"小书匠语法说明之codeChunk","version":2,"cssText":"","createDate":1546221113432,"updateDate":1546393847227,"slug":"","cover":"","excerpt":"","fileResources":[{"filename":"images/1483599957221.jpg","type":"image/jpeg"},{"filename":"images/1483600161379.jpg","type":"image/jpeg"},{"filename":"images/1546228944370.png","type":"image/png"},{"filename":"images/1482927884157.jpg","type":"image/jpeg"},{"filename":"images/gnuplot.png","type":"image/png"},{"filename":"images/1482942274140.jpg","type":"image/jpeg"},{"filename":"images/python.png","type":"image/png"},{"filename":"images/1482941563984.jpg","type":"image/jpeg"}]}