{"main":"小书匠表格组件编辑器使用说明.md","title":"小书匠表格组件编辑器使用说明","version":2,"cssText":"","createDate":1546478739781,"updateDate":1633144412902,"slug":"/tutorial/table/editor","cover":"","excerpt":"","urlMap":{},"id":"b5154dad-28f3-4bdc-9f69-c4fc4ae31144","fileResources":[{"filename":"images/1522393997338.jpg","type":"image/jpeg"},{"filename":"images/1522391414505.jpg","type":"image/jpeg"},{"filename":"images/1522391643330.jpg","type":"image/jpeg"},{"filename":"images/1522394551316.jpg","type":"image/jpeg"},{"filename":"images/1522394846045.jpg","type":"image/jpeg"},{"filename":"images/1522395140532.jpg","type":"image/jpeg"},{"filename":"images/1522395475463.jpg","type":"image/jpeg"},{"filename":"images/1522395672290.jpg","type":"image/jpeg"}]}