{"main":"小书匠内部链接使用说明.md","title":"小书匠内部链接使用说明","version":2,"cssText":"/**xsjCSSMeta\npreviewTheme: default\nxsjCSSMeta**/\n\n\n.markdown_ul li:before{\nmargin-top: -.25em;\n}","createDate":1574723331422,"updateDate":1590645113175,"slug":"/tutorial/internal_link","cover":"","excerpt":"","urlMap":{},"id":"0aca9570-1687-4669-b3b1-57343899518b","fileResources":[{"filename":"images/1574736276019.png","type":"image/png"},{"filename":"images/1574736423262.png","type":"image/png"},{"filename":"images/1574737748657.png","type":"image/png"},{"filename":"images/1574752107040.png","type":"image/png"},{"filename":"images/1574752404489.png","type":"image/png"}]}