{"main":"WebDAV之葫芦儿·派盘+小书匠.md","title":"WebDAV之葫芦儿·派盘+小书匠","version":2,"cssText":"","createDate":1665800103466,"updateDate":1665802365820,"slug":"webdav/huluer_intro","cover":"![](./images/pexels-pixabay-50711.jpg)","excerpt":"","urlMap":{},"id":"c80149b6-5764-4dd9-957c-83e2a71b8258","fileResources":[{"filename":"images/1665799168875.jpg","type":"image/jpeg"},{"filename":"images/8.png","type":"image/png"},{"filename":"images/1665799168876.png","type":"image/png"},{"filename":"images/1665799168877.png","type":"image/png"},{"filename":"images/1665799168878.jpg","type":"image/jpeg"},{"filename":"images/1665799168879.jpg","type":"image/jpeg"},{"filename":"images/1665799168882.png","type":"image/png"},{"filename":"images/pexels-pixabay-50711.jpg","type":"image/jpeg"}]}