{"main":"小书匠内置编辑器 ace 使用说明.md","title":"小书匠内置编辑器 ace 使用说明","version":2,"cssText":"","createDate":1546567961907,"updateDate":1547528406452,"slug":"/tutorial/editor/ace","cover":"","excerpt":"","fileResources":[{"filename":"images/1546583223529.png","type":"image/png"},{"filename":"images/1546583756251.png","type":"image/png"},{"filename":"images/1546584250637.png","type":"image/png"},{"filename":"images/1546584624965.png","type":"image/png"},{"filename":"images/1546584829509.png","type":"image/png"},{"filename":"images/1546584944920.png","type":"image/png"},{"filename":"images/1546585098613.png","type":"image/png"},{"filename":"images/1546585327649.png","type":"image/png"},{"filename":"images/1546586033435.png","type":"image/png"}]}