{"main":"小书匠二次过滤使用说明.md","title":"小书匠二次过滤使用说明","version":2,"cssText":"","createDate":1681869410890,"updateDate":1681882371867,"slug":"/filter/quick_filter","cover":"![](./images/randomCover.jpg)","excerpt":"","urlMap":{},"fileMap":{},"id":"8c844c27-585f-4e7b-a7d0-95345bf1d4fe","fileResources":[{"filename":"images/1681873372766.png","type":"image/png"},{"filename":"images/1681873440405.png","type":"image/png"},{"filename":"images/1681874832785.png","type":"image/png"},{"filename":"images/1681873824838.png","type":"image/png"},{"filename":"images/1681873957527.png","type":"image/png"},{"filename":"images/1681874071790.png","type":"image/png"},{"filename":"images/randomCover.jpg","type":"image/jpeg"}]}