{"main":"小书匠文件管理使用说明.md","title":"小书匠文件管理使用说明","version":2,"cssText":"","createDate":1546684418101,"updateDate":1547528384422,"slug":"/tutorial/files_manager","cover":"","excerpt":"","fileResources":[{"filename":"images/1546844646489.png","type":"image/png"},{"filename":"images/1546844967586.png","type":"image/png"},{"filename":"images/1546846365128.png","type":"image/png"},{"filename":"images/1546846398995.png","type":"image/png"},{"filename":"images/1546847169786.png","type":"image/png"},{"filename":"images/1546847587799.png","type":"image/png"},{"filename":"images/1546847779922.png","type":"image/png"},{"filename":"images/1546847811212.png","type":"image/png"},{"filename":"images/1546865802817.png","type":"image/png"},{"filename":"images/1546867209175.png","type":"image/png"},{"filename":"images/1546867334408.png","type":"image/png"},{"filename":"images/1546908209958.png","type":"image/png"},{"filename":"images/1546908150572.png","type":"image/png"},{"filename":"images/1546911075353.png","type":"image/png"},{"filename":"images/1546923348312.png","type":"image/png"},{"filename":"images/1546922721029.png","type":"image/png"},{"filename":"images/1546920099924.png","type":"image/png"},{"filename":"images/1546921870024.png","type":"image/png"}]}