{"main":"使用小书匠，轻松实现PDF批注，知识管理更高效.md","title":"使用小书匠，轻松实现PDF批注，知识管理更高效","version":2,"cssText":"","createDate":1677895460767,"updateDate":1677897905998,"slug":"pdf/pdfviewer_annotate_pdf_download","cover":"","excerpt":"","urlMap":{},"fileMap":{},"id":"73f3f72a-c87f-4d2b-aef9-a29afa718f91","fileResources":[{"filename":"images/1677896623468.png","type":"image/png"},{"filename":"images/1677896926170.png","type":"image/png"},{"filename":"images/1677897119595.png","type":"image/png"}]}