{"main":"PDF 阅读，批注，引用使用.md","title":"PDF 阅读，批注，引用使用","version":2,"cssText":"","createDate":1673053600893,"updateDate":1673081706156,"slug":"pdf/pdfviewer_highlights_reference","cover":"![#center 40.57208237986269%](./images/randomCover.jpg)","excerpt":"","urlMap":{},"id":"8dcf78c6-4761-44b1-912b-bba2a165c1e2","fileResources":[{"filename":"images/1673079438141.png","type":"image/png"},{"filename":"images/1673079673393.png","type":"image/png"},{"filename":"images/1673080032206.png","type":"image/png"},{"filename":"images/1673080246294.png","type":"image/png"},{"filename":"images/1673080613141.png","type":"image/png"},{"filename":"images/1673080963205.png","type":"image/png"},{"filename":"images/randomCover.jpg","type":"image/jpeg"}]}