{"main":"小书匠元数据使用说明.md","title":"小书匠元数据使用说明","version":2,"cssText":"","createDate":1546923190616,"updateDate":1547528389706,"slug":"/tutorial/yaml","cover":"","excerpt":"","fileResources":[{"filename":"images/1546948545843.png","type":"image/png"},{"filename":"images/1546954359544.png","type":"image/png"},{"filename":"images/1546951587724.png","type":"image/png"},{"filename":"attachments/1546948689240.table.html","type":"text/html"},{"filename":"attachments/1546951238096.table.html","type":"text/html"},{"filename":"attachments/1546951425531.table.html","type":"text/html"},{"filename":"attachments/1546952386260.table.html","type":"text/html"}]}