{"main":"8.7.3 升级日志编辑区和预览区大小调整演示视频.md","title":"8.7.3 升级日志编辑区和预览区大小调整演示视频","version":2,"cssText":"","createDate":1640918006641,"updateDate":1640935878696,"slug":"/version/v_8_7_3_custom_viewport_size","cover":"","excerpt":"","urlMap":{},"id":"fd505585-6432-4c41-b710-cd26259e17d5","fileResources":[{"filename":"videos/编辑区预览区大小调整.mp4","type":"video/mp4"},{"filename":"videos/自定义界面大小.mp4","type":"video/mp4"}]}