{"main":"小书匠pdf导出.md","title":"小书匠pdf导出","version":2,"cssText":"","createDate":1546597333032,"updateDate":1547528393399,"slug":"/tutorial/export/pdf","cover":"","excerpt":"","fileResources":[{"filename":"images/1546839411308.png","type":"image/png"},{"filename":"images/1546826529896.png","type":"image/png"},{"filename":"images/1546826675638.png","type":"image/png"},{"filename":"images/1546826896069.png","type":"image/png"},{"filename":"images/1546827434886.png","type":"image/png"},{"filename":"images/1546839725432.png","type":"image/png"},{"filename":"images/1546827749762.png","type":"image/png"},{"filename":"images/1546828169563.png","type":"image/png"},{"filename":"images/1546828606763.png","type":"image/png"},{"filename":"images/1546831842666.png","type":"image/png"},{"filename":"images/1546831878895.png","type":"image/png"},{"filename":"images/1546832049808.png","type":"image/png"},{"filename":"images/1546832306207.png","type":"image/png"},{"filename":"images/1546829452052.png","type":"image/png"},{"filename":"images/1546833515235.png","type":"image/png"},{"filename":"images/1546826861806.png","type":"image/png"},{"filename":"images/1546833400866.png","type":"image/png"},{"filename":"images/1546833450991.png","type":"image/png"},{"filename":"images/1546825456291.png","type":"image/png"},{"filename":"images/1546825726337.png","type":"image/png"}]}