{"main":"用时间流方式改进知识管理，小书匠萤火虫模式使用说明.md","title":"用时间流方式改进知识管理，小书匠萤火虫模式使用说明","version":2,"cssText":"","createDate":1681948743869,"updateDate":1682055209844,"slug":"/file_manager/timeline_firefly","cover":"![](./images/randomCover.jpg)","excerpt":"","urlMap":{},"fileMap":{},"id":"2d964fbf-f4aa-4edd-b73d-d35b2a672a51","fileResources":[{"filename":"images/girl-6883721_1280.jpg","type":"image/jpeg"},{"filename":"images/Screenshot_2023-04-20_09-02-52.png","type":"image/png"},{"filename":"images/a.png","type":"image/png"},{"filename":"images/1682042078161.png","type":"image/png"},{"filename":"images/1682042253225.png","type":"image/png"},{"filename":"images/1682043299161.png","type":"image/png"},{"filename":"images/1682043847500.png","type":"image/png"},{"filename":"images/1682043958953.png","type":"image/png"},{"filename":"images/1682045241139.png","type":"image/png"},{"filename":"images/1682045283641.png","type":"image/png"},{"filename":"images/1682045340165.png","type":"image/png"},{"filename":"images/1682046588746.png","type":"image/png"},{"filename":"images/1682045640881.png","type":"image/png"},{"filename":"images/1682046061337.png","type":"image/png"},{"filename":"images/1682052855969.png","type":"image/png"},{"filename":"images/1682052708054.png","type":"image/png"},{"filename":"images/randomCover.jpg","type":"image/jpeg"}]}