{"main":"小书匠珍珑网格服务器数据流向说明.md","title":"小书匠珍珑网格服务器数据流向说明","version":2,"cssText":"","createDate":1651186053855,"updateDate":1651192827441,"slug":"/story-writer/database/sub_database_sync","cover":"![](./images/go-6614074_1280.jpg)","excerpt":"","urlMap":{},"id":"05b958ed-0c0d-4a6c-900b-6bcfb18e454d","fileResources":[{"filename":"attachments/1651187463963.drawio.svg","type":"image/svg+xml"},{"filename":"images/go-6614074_1280.jpg","type":"image/jpeg"}]}