{"main":"小书匠会员功能介绍.md","title":"小书匠会员功能介绍","version":2,"cssText":"","createDate":1607563175755,"updateDate":1658721720051,"slug":"/story-writer/vip-feature","cover":"![](./images/peacock-90051_1280.jpg)","excerpt":"","urlMap":{},"id":"5c01908f-8882-440b-aca4-3404cf8e4730","fileResources":[{"filename":"images/1638105684664.png","type":"image/png"},{"filename":"images/1638105765474.png","type":"image/png"},{"filename":"images/1636596812303.png","type":"image/png"},{"filename":"images/1640657806223.png","type":"image/png"},{"filename":"images/peacock-90051_1280.jpg","type":"image/jpeg"}]}