{"main":"印象笔记标签树显示功能.md","title":"印象笔记标签树显示功能","version":2,"cssText":"","createDate":1550021627117,"updateDate":1550037909443,"slug":"/evernote/tags_support","cover":"","excerpt":"","fileResources":[{"filename":"images/1550026218195.png","type":"image/png"},{"filename":"images/1550032241051.png","type":"image/png"},{"filename":"images/1550032460903.png","type":"image/png"},{"filename":"images/1550031374177.png","type":"image/png"},{"filename":"images/1550031470951.png","type":"image/png"},{"filename":"images/1550031734953.png","type":"image/png"},{"filename":"images/1550031985644.png","type":"image/png"}]}