{"main":"搭建 pouchdb-server 数据库，实现小书匠下自己的远程数据中心.md","title":"搭建 pouchdb-server 数据库，实现小书匠下自己的远程数据中心","version":2,"cssText":"","createDate":1639635166548,"updateDate":1639643154078,"slug":"/database/setup_custom_pouchdb_server","cover":"","excerpt":"","urlMap":{},"id":"838c547a-e75e-4b72-9ab9-435d3069326a","fileResources":[{"filename":"images/1639641449530.png","type":"image/png"},{"filename":"images/monitor-1307227_1280.jpg","type":"image/jpeg"}]}