{"main":"小书匠预览操作说明.md","title":"小书匠预览操作说明","version":2,"cssText":"","createDate":1546684418101,"updateDate":1547535207324,"slug":"/tutorial/preview","cover":"","excerpt":"","fileResources":[{"filename":"images/1546694088445.png","type":"image/png"},{"filename":"images/1546694006922.png","type":"image/png"},{"filename":"images/实时同步预览.gif","type":"image/gif"},{"filename":"images/1546695267188.png","type":"image/png"},{"filename":"images/同步滚动.gif","type":"image/gif"},{"filename":"images/全屏预览.gif","type":"image/gif"},{"filename":"images/预览区大纲操作.gif","type":"image/gif"},{"filename":"images/1546738746624.png","type":"image/png"},{"filename":"images/1546739352730.png","type":"image/png"},{"filename":"images/1546739593822.png","type":"image/png"},{"filename":"images/ppt预览.gif","type":"image/gif"},{"filename":"images/1546741380886.png","type":"image/png"},{"filename":"images/1546743244788.png","type":"image/png"},{"filename":"images/1546743349332.png","type":"image/png"},{"filename":"images/1546743415692.png","type":"image/png"},{"filename":"images/1546743461465.png","type":"image/png"},{"filename":"images/1546743533699.png","type":"image/png"},{"filename":"images/旋转预览.gif","type":"image/gif"},{"filename":"images/透明预览.gif","type":"image/gif"},{"filename":"images/水印预览.gif","type":"image/gif"},{"filename":"images/1546743642224.png","type":"image/png"},{"filename":"images/1546760050126.png","type":"image/png"},{"filename":"images/1546760123951.png","type":"image/png"},{"filename":"images/1546761248763.png","type":"image/png"},{"filename":"images/1546761352453.png","type":"image/png"},{"filename":"images/1546761392204.png","type":"image/png"},{"filename":"images/1546761434071.png","type":"image/png"},{"filename":"images/1546761469708.png","type":"image/png"},{"filename":"images/1546761520358.png","type":"image/png"},{"filename":"images/1546761651199.png","type":"image/png"},{"filename":"images/1546761692837.png","type":"image/png"},{"filename":"images/1546762909010.png","type":"image/png"},{"filename":"images/1546762998293.png","type":"image/png"},{"filename":"images/1546763025453.png","type":"image/png"},{"filename":"images/1546763201646.png","type":"image/png"},{"filename":"images/1546763229758.png","type":"image/png"}]}