{"main":"2017-3-1 静态目录功能介绍.md","title":"2017-3-1 静态目录功能介绍","version":2,"cssText":"","createDate":1547633154097,"updateDate":1547636210782,"slug":"/static_outline_for_github","cover":"","excerpt":"","fileResources":[{"filename":"images/Screenshot_2017-03-01_15-22-17a.png","type":"image/png"},{"filename":"images/253b9097-fa0c-4780-89bb-7daa15b9d0b3b.png","type":"image/png"},{"filename":"images/1488355372686.jpg","type":"image/jpeg"},{"filename":"images/1488355432039.jpg","type":"image/jpeg"}]}