{"main":"小书匠过滤器使用说明.md","title":"小书匠过滤器使用说明","version":2,"cssText":"","createDate":1573347207376,"updateDate":1573400104832,"slug":"/tutorial/filter","cover":"","excerpt":"","urlMap":{},"id":"f38f87e2-8cd5-430b-bf88-723ae7bcf838","fileResources":[{"filename":"images/1573360641860.png","type":"image/png"},{"filename":"images/1573358240538.png","type":"image/png"},{"filename":"images/1573358113733.png","type":"image/png"},{"filename":"images/1573367040386.png","type":"image/png"},{"filename":"images/1573366988100.png","type":"image/png"},{"filename":"images/1573367019553.png","type":"image/png"},{"filename":"images/1573367391159.png","type":"image/png"},{"filename":"images/1573367475412.png","type":"image/png"}]}