{"main":"小书匠第三方存储使用说明.md","title":"小书匠第三方存储使用说明","version":2,"cssText":"","createDate":1542677909610,"updateDate":1547534288299,"slug":"/tutorial/store","cover":"","excerpt":"","fileResources":[{"filename":"images/1546497562047.png","type":"image/png"},{"filename":"images/1546497715359.png","type":"image/png"},{"filename":"images/1546497848307.png","type":"image/png"},{"filename":"images/1546497991689.png","type":"image/png"},{"filename":"images/1546498190503.png","type":"image/png"},{"filename":"images/1546498361984.png","type":"image/png"},{"filename":"images/1546503790980.png","type":"image/png"},{"filename":"images/1546503763493.png","type":"image/png"},{"filename":"images/1546503976551.png","type":"image/png"},{"filename":"images/1546502580451.png","type":"image/png"},{"filename":"images/1546502749882.png","type":"image/png"},{"filename":"images/1546523999432.png","type":"image/png"},{"filename":"images/1546524433511.png","type":"image/png"},{"filename":"images/1546499313368.png","type":"image/png"},{"filename":"images/1546498998193.png","type":"image/png"},{"filename":"images/1546500927956.png","type":"image/png"},{"filename":"images/1546502120493.png","type":"image/png"},{"filename":"images/1546499605720.png","type":"image/png"},{"filename":"images/1546499890224.png","type":"image/png"},{"filename":"images/1546500163070.png","type":"image/png"},{"filename":"images/1546500391207.png","type":"image/png"},{"filename":"images/1546502580451.png","type":"image/png"},{"filename":"images/1546502749882.png","type":"image/png"},{"filename":"images/1546502886153.png","type":"image/png"}]}