{"main":"8.7.10 升级日志之立时预览表格编辑功能演示.md","title":"8.7.10 升级日志之立时预览表格编辑功能演示","version":2,"cssText":"","createDate":1643421224556,"updateDate":1643430463329,"slug":"/version/v_8_7_10_codemirror_immediate_table_preview","cover":"","excerpt":"","urlMap":{},"id":"e65456ab-24dd-48c5-bfd2-92beec20da25","fileResources":[{"filename":"videos/创建表格.mp4","type":"video/mp4"},{"filename":"videos/表格操作.mp4","type":"video/mp4"},{"filename":"videos/表格配合html实现丰富的排版效果.mp4","type":"video/mp4"},{"filename":"videos/立时预览与生成的普通预览效果比较.mp4","type":"video/mp4"}]}